timestamp,ee_x,ee_y,ee_z,pose_6d_0,pose_6d_1,pose_6d_2,pose_6d_3,pose_6d_4,pose_6d_5,gripper,obj_x,obj_y,obj_z
1772596899.4783554,0.2923115367921691,-0.26674391560667504,0.4254062286035346,0.5922958064612737,-0.7764580924229068,-0.21517088176463472,-0.7760739010839288,-0.47800664331244114,-0.4113623086836533,3,0.48072949605208243,-0.04797794031182588,0.1094363041528675
1772596899.521886,0.2923115367921691,-0.26674391560667504,0.4254062286035346,0.5922958064612737,-0.7764580924229068,-0.21517088176463472,-0.7760739010839288,-0.47800664331244114,-0.4113623086836533,3,0.48072949605208243,-0.04797794031182588,0.1094363041528675
1772596899.5703778,0.29231813082522595,-0.2667367866746514,0.42540904334869956,0.592306025420183,-0.776451375543417,-0.21516699019059865,-0.7760686730431228,-0.4780209349205947,-0.41135556456516703,3,0.48072949605208243,-0.04797794031182588,0.1094363041528675
1772596899.5705047,0.29231813082522595,-0.2667367866746514,0.42540904334869956,0.592306025420183,-0.776451375543417,-0.21516699019059865,-0.7760686730431228,-0.4780209349205947,-0.41135556456516703,3,0.48072949605208243,-0.04797794031182588,0.1094363041528675
1772596899.6138496,0.29231813082522595,-0.2667367866746514,0.42540904334869956,0.592306025420183,-0.776451375543417,-0.21516699019059865,-0.7760686730431228,-0.4780209349205947,-0.41135556456516703,3,0.48072949605208243,-0.04797794031182588,0.1094363041528675
1772596899.635284,0.29231813082522595,-0.2667367866746514,0.42540904334869956,0.592306025420183,-0.776451375543417,-0.21516699019059865,-0.7760686730431228,-0.4780209349205947,-0.41135556456516703,3,0.48072949605208243,-0.04797794031182588,0.1094363041528675
1772596899.6817827,0.2923234949305885,-0.2667326344732546,0.4254131948881987,0.5923195313547436,-0.7764453581552067,-0.21515152468651094,-0.7760598825813252,-0.4780417261923502,-0.4113479873135377,3,0.48072949605208243,-0.04797794031182588,0.1094363041528675
1772596899.7258208,0.29230976004398607,-0.2667483406985702,0.42540789346099067,0.5922849641792303,-0.7764673574607424,-0.2151672930655122,-0.776080053404347,-0.47799671720404646,-0.41136223580934245,3,0.48072949605208243,-0.04797794031182588,0.1094363041528675
1772596899.7698672,0.2923245092871328,-0.2667315828432503,0.42540807966182015,0.5923208666927386,-0.7764413015037235,-0.2151624879005787,-0.7760619107165145,-0.4780426579146659,-0.41134307815850535,3,0.48072949605208243,-0.04797794031182588,0.1094363041528675
1772596899.770015,0.2923245092871328,-0.2667315828432503,0.42540807966182015,0.5923208666927386,-0.7764413015037235,-0.2151624879005787,-0.7760619107165145,-0.4780426579146659,-0.41134307815850535,3,0.48072949605208243,-0.04797794031182588,0.1094363041528675
1772596899.813871,0.29231558982726097,-0.2667355480769718,0.4254029518557973,0.5923035863896884,-0.7764518941013228,-0.21517183295306383,-0.7760705935800345,-0.47801672592343497,-0.4113568323460453,3,0.48072949605208243,-0.04797794031182588,0.1094363041528675
1772596899.8349335,0.29231558982726097,-0.2667355480769718,0.4254029518557973,0.5923035863896884,-0.7764518941013228,-0.21517183295306383,-0.7760705935800345,-0.47801672592343497,-0.4113568323460453,3,0.48072949605208243,-0.04797794031182588,0.1094363041528675
1772596899.877791,0.2924413008417313,-0.2664964398828965,0.4252426237882979,0.5927045677493286,-0.7760539324130388,-0.21550310753058835,-0.7759312504966244,-0.47844664195237857,-0.41111981867484504,3,0.48072949605208243,-0.04797794031182588,0.1094363041528675
1772596899.921889,0.2925543722942195,-0.2663200767328383,0.42515481252543963,0.5930470924110528,-0.775744766734572,-0.21567383491448552,-0.7757819717779699,-0.47881683499492517,-0.41097052301804804,3,0.48072949605208243,-0.04797794031182588,0.1094363041528675
1772596899.9657612,0.29269762583878717,-0.26615958656445415,0.42511557374937575,0.5934040692537891,-0.7754549508516172,-0.21573416463963324,-0.7756093598689281,-0.4792332558461791,-0.4108109143812789,3,0.48072949605208243,-0.04797794031182588,0.1094363041528675
1772596900.009794,0.29281504519854124,-0.26603173457734475,0.4251216174367104,0.5936784885072377,-0.7752583815307367,-0.21568563732920398,-0.7754743296853682,-0.47959967941076226,-0.4106381759020015,3,0.48072949605208243,-0.04797794031182588,0.1094363041528675
1772596900.009887,0.29281504519854124,-0.26603173457734475,0.4251216174367104,0.5936784885072377,-0.7752583815307367,-0.21568563732920398,-0.7754743296853682,-0.47959967941076226,-0.4106381759020015,3,0.48072949605208243,-0.04797794031182588,0.1094363041528675
1772596900.057773,0.29302990656685596,-0.2657867429840224,0.4251683233287645,0.5941525984677185,-0.7749557689128052,-0.2154675055845347,-0.7752584494706592,-0.4803381961406856,-0.4101823421999806,3,0.48072949605208243,-0.04797794031182588,0.1094363041528675
1772596900.0683177,0.29302990656685596,-0.2657867429840224,0.4251683233287645,0.5941525984677185,-0.7749557689128052,-0.2154675055845347,-0.7752584494706592,-0.4803381961406856,-0.4101823421999806,3,0.48072949605208243,-0.04797794031182588,0.1094363041528675
1772596900.1139371,0.293592319444745,-0.2651701474702246,0.42523365664570967,0.5954443086330348,-0.7740597447389426,-0.21512226033400217,-0.7746111311976476,-0.4821114832288744,-0.4093239709124735,3,0.48072949605208243,-0.04797794031182588,0.1094363041528675
1772596900.1580637,0.2941506345491846,-0.2645681510632476,0.42518973824184897,0.5967084592440601,-0.7730985028099482,-0.21507607867821132,-0.7740174080623266,-0.483778798559706,-0.4084790399526088,3,0.48072949605208243,-0.04797794031182588,0.1094363041528675
1772596900.2060447,0.29484290083022774,-0.26385569897682737,0.4249962028596585,0.5980666484667735,-0.7719757100232116,-0.21533645099211432,-0.7735218561572736,-0.4856958704927133,-0.40714058927271274,3,0.48072949605208243,-0.04797794031182588,0.1094363041528675
1772596900.2062223,0.29484290083022774,-0.26385569897682737,0.4249962028596585,0.5980666484667735,-0.7719757100232116,-0.21533645099211432,-0.7735218561572736,-0.4856958704927133,-0.40714058927271274,3,0.48072949605208243,-0.04797794031182588,0.1094363041528675
1772596900.249841,0.2964800209927944,-0.2623373413065171,0.4240795400444234,0.5995027167598911,-0.7703294112017393,-0.21723050162233581,-0.7740584097508999,-0.4890060143868279,-0.4021277112901044,3,0.48072949605208243,-0.04797794031182588,0.1094363041528675
1772596900.2682197,0.2964800209927944,-0.2623373413065171,0.4240795400444234,0.5995027167598911,-0.7703294112017393,-0.21723050162233581,-0.7740584097508999,-0.4890060143868279,-0.4021277112901044,3,0.48072949605208243,-0.04797794031182588,0.1094363041528675
1772596900.3098097,0.2983525769980475,-0.26087204988995205,0.4224152715298629,0.6008027542779402,-0.7685470375299371,-0.21993522127207907,-0.7752860122078432,-0.49313268418792244,-0.3946539687631112,3,0.48072949605208243,-0.04797794031182588,0.1094363041528675
1772596900.3538465,0.29952319991317367,-0.2602680884114728,0.4213598218596968,0.6011548991307214,-0.7679282681120622,-0.22113109750901533,-0.7761778040918524,-0.4952412979955018,-0.39023591991881157,3,0.48072949605208243,-0.04797794031182588,0.1094363041528675
1772596900.3980458,0.30098177980434726,-0.2598288837152296,0.4202214443107405,0.601255910795775,-0.7676593075573632,-0.22178935333710845,-0.7771553934274693,-0.4972591130477807,-0.3856978985650947,3,0.48072949605208243,-0.04797794031182588,0.1094363041528675
1772596900.4418128,0.3049387728418569,-0.2601411110955976,0.4178114829974082,0.5985395446191002,-0.77018447819784,-0.22037759203304183,-0.7805502152065031,-0.49878972100428154,-0.37676275792805364,3,0.48072949605208243,-0.04797794031182588,0.1094363041528675
1772596900.441927,0.3049387728418569,-0.2601411110955976,0.4178114829974082,0.5985395446191002,-0.77018447819784,-0.22037759203304183,-0.7805502152065031,-0.49878972100428154,-0.37676275792805364,3,0.48072949605208243,-0.04797794031182588,0.1094363041528675
1772596900.485806,0.307402861858847,-0.26102161616059427,0.4164796534394136,0.5948726289090075,-0.773541704362135,-0.21854012672140927,-0.7836257009364312,-0.4975242201748232,-0.3720220573720343,3,0.48072949605208243,-0.04797794031182588,0.1094363041528675
1772596900.5014129,0.307402861858847,-0.26102161616059427,0.4164796534394136,0.5948726289090075,-0.773541704362135,-0.21854012672140927,-0.7836257009364312,-0.4975242201748232,-0.3720220573720343,3,0.48072949605208243,-0.04797794031182588,0.1094363041528675
1772596900.5458748,0.31021738986491426,-0.26238819085589105,0.41510009345866217,0.5892556397010281,-0.7785401319831564,-0.21599318038350673,-0.7878501212160975,-0.49443043026419414,-0.3671930502181989,3,0.48072949605208243,-0.04797794031182588,0.1094363041528675
1772596900.5898478,0.31352866547438313,-0.26437481467442886,0.41377534242556885,0.5809326766653534,-0.7857497341063976,-0.2124019315687924,-0.7935356958082557,-0.4886590547710779,-0.3626478011354058,3,0.48072949605208243,-0.04797794031182588,0.1094363041528675
1772596900.6338372,0.3173019133737413,-0.26691837245521016,0.4124458926416654,0.5699360690176432,-0.7949283955187355,-0.2079945269249282,-0.800621821366397,-0.48028602013083627,-0.3582318216167219,3,0.48072949605208243,-0.04797794031182588,0.1094363041528675
1772596900.677886,0.32591770095101824,-0.272861919796071,0.4100476650869205,0.5448115213139691,-0.8152468959801991,-0.19634893643258935,-0.8153766612472759,-0.46034757675999327,-0.3510569880581319,3,0.48072949605208243,-0.04797794031182588,0.1094363041528675
1772596900.6780376,0.32591770095101824,-0.272861919796071,0.4100476650869205,0.5448115213139691,-0.8152468959801991,-0.19634893643258935,-0.8153766612472759,-0.46034757675999327,-0.3510569880581319,3,0.48072949605208243,-0.04797794031182588,0.1094363041528675
1772596900.7218711,0.3345773721104254,-0.2791562058274042,0.4077027763669045,0.522316541123556,-0.8331435073142128,-0.18181674039784357,-0.8272485044514053,-0.4432911066955567,-0.345185322120657,3,0.48072949605208243,-0.04797794031182588,0.1094363041528675
1772596900.735151,0.3345773721104254,-0.2791562058274042,0.4077027763669045,0.522316541123556,-0.8331435073142128,-0.18181674039784357,-0.8272485044514053,-0.4432911066955567,-0.345185322120657,3,0.48072949605208243,-0.04797794031182588,0.1094363041528675
1772596900.781821,0.3386134063567064,-0.2821005824019761,0.40649302522308334,0.5122518067789555,-0.8408565345862077,-0.1748095383420762,-0.8323346193858882,-0.4358802372626393,-0.34238501739359806,3,0.48072949605208243,-0.04797794031182588,0.1094363041528675
1772596900.8258789,0.34220973755982875,-0.2846264794857485,0.4052842514643933,0.5035758464940392,-0.8473002261595717,-0.16880075111725937,-0.8367137824587054,-0.4296276846106546,-0.3396028546106975,3,0.48072949605208243,-0.04797794031182588,0.1094363041528675
1772596900.8698223,0.3489918591663833,-0.2889293359737617,0.40274186179102445,0.48852080276195636,-0.8580452112065431,-0.15844822748876686,-0.8441153495117291,-0.41876015001868155,-0.33482713969303957,3,0.48072949605208243,-0.04797794031182588,0.1094363041528675
1772596900.8699653,0.3489918591663833,-0.2889293359737617,0.40274186179102445,0.48852080276195636,-0.8580452112065431,-0.15844822748876686,-0.8441153495117291,-0.41876015001868155,-0.33482713969303957,3,0.48072949605208243,-0.04797794031182588,0.1094363041528675
1772596900.9178758,0.35543479120861116,-0.2918799838863152,0.4002794590335267,0.4776001848818984,-0.8656028686469507,-0.15043183569626076,-0.8490785946407439,-0.410752668435644,-0.3321863716287857,3,0.48072949605208243,-0.04797794031182588,0.1094363041528675
1772596900.9348376,0.35543479120861116,-0.2918799838863152,0.4002794590335267,0.4776001848818984,-0.8656028686469507,-0.15043183569626076,-0.8490785946407439,-0.410752668435644,-0.3321863716287857,3,0.48072949605208243,-0.04797794031182588,0.1094363041528675
1772596900.9778519,0.35857625407317884,-0.2930042343218851,0.3989431906043978,0.47253663420273745,-0.8689055315133024,-0.14735096417035626,-0.8513697796961929,-0.40684690547531727,-0.33112700543026397,3,0.48072949605208243,-0.04797794031182588,0.1094363041528675
1772596901.0218506,0.36163972433476244,-0.29376406552055445,0.3976140225059347,0.4672624764533771,-0.8720819966000241,-0.14539177866981606,-0.8537261193659754,-0.40230986642857575,-0.3306032130614184,3,0.48072949605208243,-0.04797794031182588,0.1094363041528675
1772596901.0658622,0.36704344706267344,-0.29370857006619966,0.39484550064940677,0.45786641826980523,-0.876896167618139,-0.1463265329234599,-0.858136956421951,-0.3929264663183799,-0.33046899414229736,3,0.48072949605208243,-0.04797794031182588,0.1094363041528675
1772596901.1100726,0.3710842251533264,-0.29169453628553194,0.3916322721765116,0.4493097312239584,-0.8799497931624136,-0.1543020639553453,-0.8630863144102423,-0.38295902057393544,-0.3292786091424651,3,0.48072949605208243,-0.04797794031182588,0.1094363041528675
1772596901.110293,0.3710842251533264,-0.29169453628553194,0.3916322721765116,0.4493097312239584,-0.8799497931624136,-0.1543020639553453,-0.8630863144102423,-0.38295902057393544,-0.3292786091424651,3,0.48072949605208243,-0.04797794031182588,0.1094363041528675
1772596901.1538076,0.3729134605089732,-0.28954011779159095,0.3899844004641451,0.44573518444118676,-0.8804548900111027,-0.16161476419782417,-0.8652644379289414,-0.3774941898802422,-0.32987207984637446,3,0.48072949605208243,-0.04797794031182588,0.1094363041528675
1772596901.1682887,0.3729134605089732,-0.28954011779159095,0.3899844004641451,0.44573518444118676,-0.8804548900111027,-0.16161476419782417,-0.8652644379289414,-0.3774941898802422,-0.32987207984637446,3,0.48072949605208243,-0.04797794031182588,0.1094363041528675
1772596901.20989,0.37482806697971305,-0.28670215708783775,0.3883318459928166,0.44303756718787335,-0.880155592204837,-0.17042255593319733,-0.866914084695255,-0.3721674146319732,-0.3315891814325996,3,0.48072949605208243,-0.04797794031182588,0.1094363041528675
1772596901.2538488,0.3768328309186974,-0.2834597471071382,0.3866969877645754,0.4418815779962419,-0.8789274138461279,-0.17951955942823805,-0.867641586444671,-0.36789937318529314,-0.33443703246148293,3,0.48072949605208243,-0.04797794031182588,0.1094363041528675
1772596901.298034,0.38092469498683407,-0.2766138800814301,0.3835413314191238,0.44033928930416016,-0.8756821781491536,-0.19819695549392705,-0.8683949994585124,-0.3593327516359777,-0.34171640071434595,3,0.48072949605208243,-0.04797794031182588,0.1094363041528675
1772596901.3458424,0.3848174859834461,-0.2702471532792324,0.38023483422854537,0.4383283579350862,-0.8725910528419251,-0.21552982422428688,-0.8694188698363755,-0.35079739186800174,-0.34792530610900907,3,0.48072949605208243,-0.04797794031182588,0.1094363041528675
1772596901.345938,0.3848174859834461,-0.2702471532792324,0.38023483422854537,0.4383283579350862,-0.8725910528419251,-0.21552982422428688,-0.8694188698363755,-0.35079739186800174,-0.34792530610900907,3,0.48072949605208243,-0.04797794031182588,0.1094363041528675
1772596901.3898594,0.3848174859834461,-0.2702471532792324,0.38023483422854537,0.4383283579350862,-0.8725910528419251,-0.21552982422428688,-0.8694188698363755,-0.35079739186800174,-0.34792530610900907,3,0.48072949605208243,-0.04797794031182588,0.1094363041528675
1772596901.4018183,0.3848174859834461,-0.2702471532792324,0.38023483422854537,0.4383283579350862,-0.8725910528419251,-0.21552982422428688,-0.8694188698363755,-0.35079739186800174,-0.34792530610900907,3,0.48072949605208243,-0.04797794031182588,0.1094363041528675
1772596901.4419315,0.38660625383777486,-0.26722370720114663,0.37829347191674473,0.43710123057550976,-0.8711266532865818,-0.223787551403322,-0.8702335622330286,-0.34675736744443963,-0.34993267250460514,3,0.48072949605208243,-0.04797794031182588,0.1094363041528675
1772596901.485795,0.3898635556794196,-0.2616088861669375,0.3740019372232882,0.43464312457217164,-0.8683584417020068,-0.23882832953190966,-0.8723762831471794,-0.3400750140376851,-0.3511532506322291,3,0.48072949605208243,-0.04797794031182588,0.1094363041528675
1772596901.5298731,0.39119222935025816,-0.25927489795823644,0.3714618743299969,0.4323106232368368,-0.8677224209224568,-0.2452862109150216,-0.8744081181076733,-0.33695936842260543,-0.3490971598561582,3,0.48072949605208243,-0.04797794031182588,0.1094363041528675
1772596901.5738084,0.3926075571262219,-0.25726161967363087,0.36874305735955726,0.42901874537043666,-0.8677617019868276,-0.2508635977691881,-0.8768570015132655,-0.3333790280002135,-0.3463816141003995,3,0.48072949605208243,-0.04797794031182588,0.1094363041528675
1772596901.5739386,0.3926075571262219,-0.25726161967363087,0.36874305735955726,0.42901874537043666,-0.8677617019868276,-0.2508635977691881,-0.8768570015132655,-0.3333790280002135,-0.3463816141003995,3,0.48072949605208243,-0.04797794031182588,0.1094363041528675
1772596901.621822,0.3943137783538165,-0.2557491221532819,0.3659406460129683,0.42471259782412785,-0.8686903151020201,-0.25494380890194823,-0.8794862429902665,-0.3290899230683867,-0.34380775285864157,3,0.48072949605208243,-0.04797794031182588,0.1094363041528675
1772596901.635042,0.3964770330719861,-0.2550648495342114,0.3629601964586098,0.4192146935564196,-0.870986246815302,-0.2562069448024213,-0.8822361328971682,-0.3242057844328974,-0.34139422249197443,3,0.48072949605208243,-0.04797794031182588,0.1094363041528675
1772596901.681831,0.40142371779610186,-0.2557107014688216,0.35609078809782857,0.4056540001283352,-0.8786383541884145,-0.25187194113071554,-0.8882230120907421,-0.3139252091946222,-0.33542636125469033,3,0.48072949605208243,-0.04797794031182588,0.1094363041528675
1772596901.7298012,0.40432170863882433,-0.25643956268073764,0.35239140520240564,0.398636297720377,-0.8830700385530432,-0.2475407222048882,-0.8908321622815194,-0.30869473898792943,-0.33335509110557565,3,0.48072949605208243,-0.04797794031182588,0.1094363041528675
1772596901.7787406,0.4105648022813774,-0.25782822191899374,0.3449904996694913,0.38734545585266567,-0.8911493102800131,-0.23625495681095907,-0.8941129619816927,-0.3006331022981782,-0.3319363629054491,3,0.48072949605208243,-0.04797794031182588,0.1094363041528675
1772596901.7788763,0.4105648022813774,-0.25782822191899374,0.3449904996694913,0.38734545585266567,-0.8911493102800131,-0.23625495681095907,-0.8941129619816927,-0.3006331022981782,-0.3319363629054491,3,0.48072949605208243,-0.04797794031182588,0.1094363041528675
1772596901.8219318,0.4105648022813774,-0.25782822191899374,0.3449904996694913,0.38734545585266567,-0.8911493102800131,-0.23625495681095907,-0.8941129619816927,-0.3006331022981782,-0.3319363629054491,3,0.48072949605208243,-0.04797794031182588,0.1094363041528675
1772596901.8348715,0.4135332206996037,-0.2580239389321917,0.3410181719419045,0.3838753105370835,-0.8941340348525714,-0.23057335856147568,-0.8948543424402028,-0.298637728615378,-0.3317396763478264,3,0.48072949605208243,-0.04797794031182588,0.1094363041528675
1772596901.8818634,0.4165174381897623,-0.25816207490061094,0.3372475410133403,0.38163869484993024,-0.8967109137668232,-0.22419064147441717,-0.8949444336028278,-0.2978254745060482,-0.3322265002954475,3,0.48072949605208243,-0.04797794031182588,0.1094363041528675
1772596901.9302304,0.42138783843573896,-0.25719250903848023,0.3291338362579207,0.3787166248044869,-0.9002997225635254,-0.21455565163550688,-0.8952003081920532,-0.2974892508556401,-0.331838144037426,3,0.48072949605208243,-0.04797794031182588,0.1094363041528675
1772596901.978014,0.4250743279855723,-0.2549155969984024,0.3208702667766334,0.3771424173320629,-0.9023607750570233,-0.2085872208152183,-0.895676037290082,-0.29805746947393097,-0.3300396659723383,3,0.48072949605208243,-0.04797794031182588,0.1094363041528675
1772596901.9782958,0.4250743279855723,-0.2549155969984024,0.3208702667766334,0.3771424173320629,-0.9023607750570233,-0.2085872208152183,-0.895676037290082,-0.29805746947393097,-0.3300396659723383,3,0.48072949605208243,-0.04797794031182588,0.1094363041528675
1772596902.0218668,0.4263402287673288,-0.253167845361219,0.3166404585860211,0.37688365278390884,-0.9026872599282083,-0.20764012865426867,-0.8961749639449148,-0.2986923733936642,-0.328105623351369,3,0.48072949605208243,-0.04797794031182588,0.1094363041528675
1772596902.0348973,0.4263402287673288,-0.253167845361219,0.3166404585860211,0.37688365278390884,-0.9026872599282083,-0.20764012865426867,-0.8961749639449148,-0.2986923733936642,-0.328105623351369,3,0.48072949605208243,-0.04797794031182588,0.1094363041528675
1772596902.078267,0.4274239185348567,-0.25114168408205867,0.31249562071174847,0.37675308179544503,-0.9027856863317484,-0.2074490778773164,-0.8967813288396772,-0.2993790233632116,-0.3258150527747796,3,0.48072949605208243,-0.04797794031182588,0.1094363041528675
1772596902.1258523,0.4277803841474008,-0.24837500130936696,0.3080290485549114,0.3766678379404753,-0.9022218486005846,-0.2100406526579846,-0.8980455013749435,-0.30002915017258336,-0.3217091644745987,3,0.48072949605208243,-0.04797794031182588,0.1094363041528675
1772596902.170164,0.427852291621419,-0.24223734045021286,0.2995560640684002,0.3762227958781204,-0.9005881237326091,-0.21770952954206932,-0.9011481563315206,-0.3010501314114144,-0.3119307915507411,3,0.48072949605208243,-0.04797794031182588,0.1094363041528675
1772596902.2138617,0.42653690249908344,-0.2354211699084227,0.2909379860367193,0.3707920317657048,-0.8995360481367263,-0.23097222188311423,-0.9071693244076064,-0.2975490464983492,-0.2975035828049317,3,0.48072949605208243,-0.04797794031182588,0.1094363041528675
1772596902.2140348,0.42653690249908344,-0.2354211699084227,0.2909379860367193,0.3707920317657048,-0.8995360481367263,-0.23097222188311423,-0.9071693244076064,-0.2975490464983492,-0.2975035828049317,3,0.48072949605208243,-0.04797794031182588,0.1094363041528675
1772596902.258142,0.4256359779076203,-0.23217498072282503,0.28686762422653805,0.36563349935078504,-0.8996843942449809,-0.23849556579639203,-0.9111631151009935,-0.29368293746316654,-0.2890192206799744,3,0.48072949605208243,-0.04797794031182588,0.1094363041528675
1772596902.268258,0.4256359779076203,-0.23217498072282503,0.28686762422653805,0.36563349935078504,-0.8996843942449809,-0.23849556579639203,-0.9111631151009935,-0.29368293746316654,-0.2890192206799744,3,0.48072949605208243,-0.04797794031182588,0.1094363041528675
1772596902.309833,0.42472849145246533,-0.22899378898944125,0.28280672064350676,0.3609946289959176,-0.8996615098814271,-0.24554438595490324,-0.9148516320805165,-0.2905622467238961,-0.2803927104230369,3,0.48072949605208243,-0.04797794031182588,0.1094363041528675
1772596902.353845,0.42393152270034945,-0.22591046103025678,0.27890709485804777,0.3575898541098159,-0.899296334539266,-0.25178482663171287,-0.9179445734352235,-0.28888042602971276,-0.27189310318159604,3,0.48072949605208243,-0.04797794031182588,0.1094363041528675
1772596902.3979564,0.4228943294016232,-0.22024335262052283,0.271753234439925,0.34919094295965797,-0.8995587165709649,-0.26241151041092575,-0.9242425982738995,-0.2844924083543073,-0.2546363860972684,3,0.48072949605208243,-0.04797794031182588,0.1094363041528675
1772596902.445881,0.4228559021401218,-0.21553066205282215,0.26521353044514995,0.33793961465688765,-0.9018138785698407,-0.2693112423653626,-0.9307688282156944,-0.2778122095491294,-0.23767575527893886,3,0.48072949605208243,-0.04797794031182588,0.1094363041528675
1772596902.446035,0.4228559021401218,-0.21553066205282215,0.26521353044514995,0.33793961465688765,-0.9018138785698407,-0.2693112423653626,-0.9307688282156944,-0.2778122095491294,-0.23767575527893886,3,0.48072949605208243,-0.04797794031182588,0.1094363041528675
1772596902.4900146,0.423423483738027,-0.21366911255458987,0.2619742378164981,0.3323727129509153,-0.9035416747798818,-0.27044559826629644,-0.9336388093101696,-0.2745881984115893,-0.23004324602771214,3,0.48072949605208243,-0.04797794031182588,0.1094363041528675
1772596902.501664,0.423423483738027,-0.21366911255458987,0.2619742378164981,0.3323727129509153,-0.9035416747798818,-0.27044559826629644,-0.9336388093101696,-0.2745881984115893,-0.23004324602771214,3,0.48072949605208243,-0.04797794031182588,0.1094363041528675
1772596902.5418568,0.4245031291576648,-0.21227813440350102,0.25880289149066615,0.3270069459904493,-0.9057643433731668,-0.2695503877715172,-0.9361464839160176,-0.2714789430746356,-0.22344785548032509,3,0.48072949605208243,-0.04797794031182588,0.1094363041528675
1772596902.5857882,0.42800612440563063,-0.2105670405777127,0.2528308149343247,0.315747670414508,-0.9116536567391658,-0.26304185747123704,-0.9406574638135967,-0.26441876043264734,-0.21271167081999628,3,0.48072949605208243,-0.04797794031182588,0.1094363041528675
1772596902.6297922,0.4304494814881232,-0.21014225809965262,0.2500148279618646,0.30992384541484796,-0.9152177468455505,-0.25753385389542016,-0.9426659258383521,-0.2605247676058756,-0.2085852289286737,3,0.48072949605208243,-0.04797794031182588,0.1094363041528675
1772596902.673863,0.4330538126186679,-0.20974265207092593,0.24719327789220252,0.3043178477978092,-0.9187976240988562,-0.25139923122795493,-0.9445201842355129,-0.2568087120878148,-0.20477037619614546,3,0.48072949605208243,-0.04797794031182588,0.1094363041528675
1772596902.6740065,0.4330538126186679,-0.20974265207092593,0.24719327789220252,0.3043178477978092,-0.9187976240988562,-0.25139923122795493,-0.9445201842355129,-0.2568087120878148,-0.20477037619614546,3,0.48072949605208243,-0.04797794031182588,0.1094363041528675
1772596902.7178462,0.4355313788380497,-0.20910468300523236,0.24427859377700403,0.29878006780345834,-0.9221768402942504,-0.2456020079483739,-0.9464172776070289,-0.2532688640032623,-0.20037270066902038,3,0.48072949605208243,-0.04797794031182588,0.1094363041528675
1772596902.7348194,0.4378477852330192,-0.20830195027231524,0.24127445745264586,0.2925633660643752,-0.9255489331786032,-0.24034527066083833,-0.9485564403481265,-0.24908353370961753,-0.19544327235497502,3,0.48072949605208243,-0.04797794031182588,0.1094363041528675
1772596902.777858,0.4415011547791189,-0.2058765538185815,0.23477900519088,0.28358826436144713,-0.9304753796478152,-0.23193374956162832,-0.9521773693807954,-0.2445400277240516,-0.18318960690985805,3,0.48072949605208243,-0.04797794031182588,0.1094363041528675
1772596902.8218403,0.4426076772741833,-0.2040789309604922,0.23143283876618093,0.2805028073923109,-0.9319367302000059,-0.22980884654241207,-0.9538690379636252,-0.24395364861600224,-0.17498707306909433,3,0.48072949605208243,-0.04797794031182588,0.1094363041528675
1772596902.865798,0.443191317498272,-0.2019860856973303,0.22799183379984655,0.2770677868613365,-0.9330986314551106,-0.22926051875619652,-0.9558030574366487,-0.24322781963433227,-0.16516883226166768,3,0.48072949605208243,-0.04797794031182588,0.1094363041528675
1772596902.9098458,0.44336161950077285,-0.19963528576710787,0.22444146131635237,0.2717420579005518,-0.934437240867761,-0.23018100887653464,-0.9583409387677337,-0.2408862725570003,-0.15348110233958281,3,0.48072949605208243,-0.04797794031182588,0.1094363041528675
1772596902.9099965,0.44336161950077285,-0.19963528576710787,0.22444146131635237,0.2717420579005518,-0.934437240867761,-0.23018100887653464,-0.9583409387677337,-0.2408862725570003,-0.15348110233958281,3,0.48072949605208243,-0.04797794031182588,0.1094363041528675
1772596902.9538863,0.4433951204738574,-0.19732660797835655,0.22084991522755815,0.26538027390424784,-0.935994702917807,-0.23127305578539128,-0.9610434450567603,-0.23758236897479662,-0.14124487483005282,3,0.48072949605208243,-0.04797794031182588,0.1094363041528675
1772596902.9683104,0.4433951204738574,-0.19732660797835655,0.22084991522755815,0.26538027390424784,-0.935994702917807,-0.23127305578539128,-0.9610434450567603,-0.23758236897479662,-0.14124487483005282,3,0.48072949605208243,-0.04797794031182588,0.1094363041528675
1772596903.0098095,0.4434384380623898,-0.19280921715362812,0.2134830715709137,0.2536153736119008,-0.938944800087038,-0.23251216023513382,-0.9657187506946308,-0.23201513520583428,-0.1164314029470579,3,0.48072949605208243,-0.04797794031182588,0.1094363041528675
1772596903.0538197,0.44335940662775697,-0.1883135966872943,0.20610516130642106,0.24602088228631203,-0.9409126736945193,-0.23271670752246382,-0.9686796128047639,-0.23034054485134536,-0.09275258020129856,3,0.48072949605208243,-0.04797794031182588,0.1094363041528675
1772596903.0977845,0.44326976067494567,-0.18617005601213005,0.20245150277172355,0.24327409244341783,-0.9416714638845645,-0.2325350942359738,-0.9696817967494478,-0.2303960142345389,-0.08145483213168764,3,0.48072949605208243,-0.04797794031182588,0.1094363041528675
1772596903.1424112,0.44326976067494567,-0.18617005601213005,0.20245150277172355,0.24327409244341783,-0.9416714638845645,-0.2325350942359738,-0.9696817967494478,-0.2303960142345389,-0.08145483213168764,3,0.48072949605208243,-0.04797794031182588,0.1094363041528675
1772596903.1426027,0.44326976067494567,-0.18617005601213005,0.20245150277172355,0.24327409244341783,-0.9416714638845645,-0.2325350942359738,-0.9696817967494478,-0.2303960142345389,-0.08145483213168764,3,0.48072949605208243,-0.04797794031182588,0.1094363041528675
1772596903.1859071,0.44312096975135,-0.18403136795540054,0.19885379213336213,0.24159602700970528,-0.9421604583582007,-0.23230374607266097,-0.9702934488250713,-0.23141090421188026,-0.07056639837053615,3,0.48072949605208243,-0.04797794031182588,0.1094363041528675
1772596903.201483,0.44312096975135,-0.18403136795540054,0.19885379213336213,0.24159602700970528,-0.9421604583582007,-0.23230374607266097,-0.9702934488250713,-0.23141090421188026,-0.07056639837053615,3,0.48072949605208243,-0.04797794031182588,0.1094363041528675
1772596903.2418907,0.4428170737742166,-0.17977302096716363,0.19196673328624017,0.24368573320265552,-0.941821619192214,-0.23149363070210244,-0.9698281630230212,-0.2383865028458314,-0.051041252613227533,3,0.48072949605208243,-0.04797794031182588,0.1094363041528675
1772596903.2857778,0.4427063454288638,-0.17570333061200258,0.18565851911273515,0.24983269827695256,-0.9405208695113361,-0.23022622979429863,-0.9679720737441413,-0.2486716871581352,-0.03453196283724552,3,0.48072949605208243,-0.04797794031182588,0.1094363041528675
1772596903.3298934,0.4427308977264298,-0.17357504432604848,0.18272836998039588,0.25319704901192813,-0.9397536855128452,-0.22968296614393474,-0.9668532666133189,-0.2539023352064359,-0.026988238472960002,3,0.48072949605208243,-0.04797794031182588,0.1094363041528675
1772596903.373893,0.442874999292272,-0.17139991253470221,0.17993993554306895,0.2559263567996548,-0.9391178241099412,-0.22925839643133167,-0.9658477568014525,-0.2583413209440605,-0.019946743455524413,3,0.48072949605208243,-0.04797794031182588,0.1094363041528675
1772596903.3740256,0.442874999292272,-0.17139991253470221,0.17993993554306895,0.2559263567996548,-0.9391178241099412,-0.22925839643133167,-0.9658477568014525,-0.2583413209440605,-0.019946743455524413,3,0.48072949605208243,-0.04797794031182588,0.1094363041528675
1772596903.4178004,0.4430672287762852,-0.1691494447459787,0.1772806752820809,0.257968407698228,-0.9386598771146822,-0.22884478522503154,-0.9649753951955479,-0.2620147438780161,-0.013067542145868541,3,0.48072949605208243,-0.04797794031182588,0.1094363041528675
1772596903.434991,0.4430672287762852,-0.1691494447459787,0.1772806752820809,0.257968407698228,-0.9386598771146822,-0.22884478522503154,-0.9649753951955479,-0.2620147438780161,-0.013067542145868541,3,0.48072949605208243,-0.04797794031182588,0.1094363041528675
1772596903.4777958,0.44380250093458967,-0.16447938146938285,0.17234519469649962,0.26085868881544205,-0.9381380757957007,-0.22770528147548302,-0.9634761381873636,-0.2677938093563049,-0.0004547680770761453,3,0.48072949605208243,-0.04797794031182588,0.1094363041528675
1772596903.5217865,0.44533373298505224,-0.15945333921526272,0.1677989663359114,0.26253418509675264,-0.9382961138718519,-0.22511375868339234,-0.962300082218171,-0.2717847842407509,0.010563276864188537,3,0.48072949605208243,-0.04797794031182588,0.1094363041528675
1772596903.5698607,0.4466666391655717,-0.15701622516540004,0.16566721358357148,0.2630636871577338,-0.9387508744336911,-0.2225854717832195,-0.9618916680879305,-0.27303511389670293,0.014705286207116156,3,0.48072949605208243,-0.04797794031182588,0.1094363041528675
1772596903.5700183,0.4466666391655717,-0.15701622516540004,0.16566721358357148,0.2630636871577338,-0.9387508744336911,-0.2225854717832195,-0.9618916680879305,-0.27303511389670293,0.014705286207116156,3,0.48072949605208243,-0.04797794031182588,0.1094363041528675
1772596903.6178167,0.44853146766119906,-0.15474238580551664,0.16362577160793115,0.2639487369151393,-0.9394462826600009,-0.21856748677973314,-0.961501845456756,-0.27423557187946024,0.017579883367027954,3,0.48072949605208243,-0.04797794031182588,0.1094363041528675
1772596903.6349633,0.44853146766119906,-0.15474238580551664,0.16362577160793115,0.2639487369151393,-0.9394462826600009,-0.21856748677973314,-0.961501845456756,-0.27423557187946024,0.017579883367027954,3,0.48072949605208243,-0.04797794031182588,0.1094363041528675
1772596903.6778193,0.4508253249603128,-0.15272541254828337,0.1617419816043542,0.2662767132452611,-0.9399579615950157,-0.21348475921583734,-0.9608518796812063,-0.2764335435001228,0.018659081999350333,3,0.48072949605208243,-0.04797794031182588,0.1094363041528675
1772596903.7218077,0.4560948816952703,-0.14946310302634863,0.15848620614507541,0.2748269095896357,-0.9400808942477753,-0.20178721970361208,-0.9587002346428631,-0.28391196420365067,0.01696633955055371,3,0.48072949605208243,-0.04797794031182588,0.1094363041528675
1772596903.7658215,0.4618150134426935,-0.14702116029023665,0.15574209731128583,0.28316187559580175,-0.9402918869427257,-0.18886640664437004,-0.9567709273917868,-0.290584545957318,0.012248026316106886,3,0.48072949605208243,-0.04797794031182588,0.1094363041528675
1772596903.809814,0.46432628447843577,-0.1458874509382429,0.1544538771861487,0.28571739894215253,-0.94065130865235,-0.18314115723220814,-0.956216297280464,-0.29247510671788524,0.010426157758319829,3,0.48072949605208243,-0.04797794031182588,0.1094363041528675
1772596903.809966,0.46432628447843577,-0.1458874509382429,0.1544538771861487,0.28571739894215253,-0.94065130865235,-0.18314115723220814,-0.956216297280464,-0.29247510671788524,0.010426157758319829,3,0.48072949605208243,-0.04797794031182588,0.1094363041528675
1772596903.8539193,0.46646488787245244,-0.1448035152008005,0.15315566006002534,0.2871034306498217,-0.9411763402625827,-0.17820975461246302,-0.9559443540398639,-0.29339606928318285,0.009441319213190497,3,0.48072949605208243,-0.04797794031182588,0.1094363041528675
1772596903.8681915,0.46646488787245244,-0.1448035152008005,0.15315566006002534,0.2871034306498217,-0.9411763402625827,-0.17820975461246302,-0.9559443540398639,-0.29339606928318285,0.009441319213190497,3,0.48072949605208243,-0.04797794031182588,0.1094363041528675
1772596903.9142814,0.46833206414416995,-0.1399265668943037,0.14869449826744835,0.2881922276726957,-0.9416006314900595,-0.17416512477120918,-0.9551763584901586,-0.29553523345901733,0.017235137533670397,3,0.48072949605208243,-0.04797794031182588,0.1094363041528675
1772596903.9620535,0.46794996375314524,-0.1379641908195951,0.14694591890201356,0.28916232311331447,-0.9411703441651956,-0.17488148602890694,-0.9545448455585389,-0.29728404644906403,0.021594757338214615,3,0.48072949605208243,-0.04797794031182588,0.1094363041528675
1772596904.0060225,0.4673517159600006,-0.13598003576946022,0.1450621332074881,0.29110294204726367,-0.9403863216590359,-0.17587678405069934,-0.9535693520879299,-0.30004831426755935,0.026009610989057533,3,0.48072949605208243,-0.04797794031182588,0.1094363041528675
1772596904.0061765,0.4673517159600006,-0.13598003576946022,0.1450621332074881,0.29110294204726367,-0.9403863216590359,-0.17587678405069934,-0.9535693520879299,-0.30004831426755935,0.026009610989057533,3,0.48072949605208243,-0.04797794031182588,0.1094363041528675
1772596904.0500152,0.46661279595972593,-0.13409302223932001,0.14314585718941625,0.293363656865827,-0.9394690690133892,-0.1770187368541109,-0.9524616086683201,-0.30314185837961083,0.03036276850209743,3,0.48072949605208243,-0.04797794031182588,0.1094363041528675
1772596904.068192,0.46584814190003765,-0.1322165204264196,0.1412395306749943,0.2959806387477014,-0.9384231223349954,-0.17820635497518358,-0.951212838719533,-0.30658770098756516,0.03461382755904602,3,0.48072949605208243,-0.04797794031182588,0.1094363041528675
1772596904.1104918,0.46417612532146435,-0.12870411509188523,0.13744837518759084,0.2999734375873146,-0.9366905349842356,-0.18062884158681958,-0.949015540597377,-0.3122534307001476,0.0432122519739108,3,0.48072949605208243,-0.04797794031182588,0.1094363041528675
1772596904.1537879,0.46417612532146435,-0.12870411509188523,0.13744837518759084,0.2999734375873146,-0.9366905349842356,-0.18062884158681958,-0.949015540597377,-0.3122534307001476,0.0432122519739108,3,0.48072949605208243,-0.04797794031182588,0.1094363041528675
1772596904.1978965,0.4621326269873208,-0.12529107429222558,0.1336157696565054,0.3005752744894683,-0.9359762565545717,-0.18331107858411444,-0.9477672658872434,-0.3146268917639732,0.052413058406855964,3,0.48072949605208243,-0.04797794031182588,0.1094363041528675
1772596904.2418785,0.4608617826190916,-0.12356147078656995,0.13167779749859124,0.29995839966802135,-0.9358577387432556,-0.18491958063698902,-0.9473859785710268,-0.31494817713955964,0.05716164206429439,3,0.48072949605208243,-0.04797794031182588,0.1094363041528675
1772596904.2420034,0.4608617826190916,-0.12356147078656995,0.13167779749859124,0.29995839966802135,-0.9358577387432556,-0.18491958063698902,-0.9473859785710268,-0.31494817713955964,0.05716164206429439,3,0.48072949605208243,-0.04797794031182588,0.1094363041528675
1772596904.2858586,0.4594262434120327,-0.12177538737969439,0.12969787754924642,0.2992249624077214,-0.9357349340353164,-0.18672052671846218,-0.9469975763255828,-0.31519955671343663,0.06200669222854156,3,0.48072949605208243,-0.04797794031182588,0.1094363041528675
1772596904.301627,0.45793540537912986,-0.12005439716389989,0.1277732139505473,0.2988800708205203,-0.9354709618346145,-0.18858627423686483,-0.9464738025097491,-0.3158282114079179,0.06663243985936712,3,0.48072949605208243,-0.04797794031182588,0.1094363041528675
1772596904.3418298,0.45793540537912986,-0.12005439716389989,0.1277732139505473,0.2988800708205203,-0.9354709618346145,-0.18858627423686483,-0.9464738025097491,-0.3158282114079179,0.06663243985936712,3,0.48072949605208243,-0.04797794031182588,0.1094363041528675
1772596904.3860626,0.4549945597895565,-0.1166742254603418,0.12420216937716427,0.30027232995936987,-0.9342401562776214,-0.19243663439983857,-0.9447718228021421,-0.3190712312932054,0.07483149203481002,3,0.48072949605208243,-0.04797794031182588,0.1094363041528675
1772596904.429809,0.45232586825810717,-0.11324517142441323,0.12120835144746397,0.3024944408622525,-0.9327465980699469,-0.19616548380480875,-0.942890630199947,-0.3229489255492678,0.08161648710720687,3,0.48072949605208243,-0.04797794031182588,0.1094363041528675
1772596904.4737756,0.45119301705046844,-0.11151075800448502,0.11992568189063327,0.30345574822225424,-0.9320884967347097,-0.1978020301354389,-0.9420412136942634,-0.3246520784610461,0.0846131174958237,3,0.48072949605208243,-0.04797794031182588,0.1094363041528675
1772596904.4738758,0.45119301705046844,-0.11151075800448502,0.11992568189063327,0.30345574822225424,-0.9320884967347097,-0.1978020301354389,-0.9420412136942634,-0.3246520784610461,0.0846131174958237,3,0.48072949605208243,-0.04797794031182588,0.1094363041528675
1772596904.517792,0.4501302784253284,-0.10979581826457072,0.1187524223004153,0.30458251341667314,-0.9313840030943954,-0.19938237459876396,-0.9411620375888505,-0.32647604678057945,0.08733504382622428,3,0.48072949605208243,-0.04797794031182588,0.1094363041528675
1772596904.5348508,0.4490839171202944,-0.10811502965149256,0.11767066347695262,0.3057872759042281,-0.9306502629583134,-0.20095827912950842,-0.9402757946940109,-0.328347307625173,0.08983025931080384,3,0.48072949605208243,-0.04797794031182588,0.1094363041528675
1772596904.5819192,0.4471357861639313,-0.10488179389424851,0.11577996385945116,0.3075048774279061,-0.929446193346038,-0.20388850882923135,-0.9388001725299718,-0.33129332582273086,0.09433434328498203,3,0.48072949605208243,-0.04797794031182588,0.1094363041528675
1772596904.625771,0.4462925763901284,-0.10344007102133228,0.1149538534934613,0.3076867336338103,-0.9291233927803254,-0.20508192249472848,-0.9383250321871911,-0.3320257564885551,0.09646258859842782,3,0.48072949605208243,-0.04797794031182588,0.1094363041528675
1772596904.6699278,0.4456013036791034,-0.10209922903475763,0.11422630201311024,0.30803268406720874,-0.9287874199283401,-0.20608200826178022,-0.9378354947513572,-0.33285499796034423,0.09834701376908458,4,0.48072949605208243,-0.04797794031182588,0.1094363041528675
1772596904.6701317,0.4456013036791034,-0.10209922903475763,0.11422630201311024,0.30803268406720874,-0.9287874199283401,-0.20608200826178022,-0.9378354947513572,-0.33285499796034423,0.09834701376908458,5,0.48072949605208243,-0.04797794031182588,0.1094363041528675
1772596904.713875,0.4450564271624431,-0.10091116178795619,0.11362813837881519,0.30852211315671435,-0.9284448901433857,-0.20689173898430896,-0.9373548228234585,-0.33374471834093306,0.0999019474741781,17,0.48072949605208243,-0.04797794031182588,0.1094363041528675
1772596904.7347791,0.4447318567830757,-0.09987165724829963,0.11320422574065103,0.30973763292387857,-0.9279022265990471,-0.20750917238340022,-0.9367183541113371,-0.33523783007279084,0.10086784601167326,24,0.48072949605208243,-0.04797794031182588,0.1094363041528675
1772596904.78185,0.44465607224623477,-0.09840178011892077,0.11282107445653436,0.3116550407052433,-0.9271547977361735,-0.20797864466768937,-0.9358351425250956,-0.33741159940830645,0.10181354821320744,45,0.48072949605208243,-0.04797794031182588,0.1094363041528675
1772596904.8298829,0.44465607224623477,-0.09840178011892077,0.11282107445653436,0.3116550407052433,-0.9271547977361735,-0.20797864466768937,-0.9358351425250956,-0.33741159940830645,0.10181354821320744,67,0.48072949605208243,-0.04797794031182588,0.1094363041528675
1772596904.8783298,0.4447602182599349,-0.09753051930267204,0.11262319038965618,0.31220993915670675,-0.926964991136796,-0.20799244961903196,-0.9355233056143847,-0.3380814028950699,0.10245540331693763,84,0.48072949605208243,-0.04797794031182588,0.1094363041528675
1772596904.878464,0.4447602182599349,-0.09753051930267204,0.11262319038965618,0.31220993915670675,-0.926964991136796,-0.20799244961903196,-0.9355233056143847,-0.3380814028950699,0.10245540331693763,84,0.48072949605208243,-0.04797794031182588,0.1094363041528675
1772596904.9258273,0.4447786055163393,-0.09720662340648206,0.11250276217059568,0.31227593052988534,-0.9269449482518795,-0.2079827063051514,-0.9354346791678192,-0.3382103200284413,0.10283841906825839,101,0.48072949605208243,-0.04797794031182588,0.1094363041528675
1772596904.9349725,0.4447786055163393,-0.09720662340648206,0.11250276217059568,0.31227593052988534,-0.9269449482518795,-0.2079827063051514,-0.9354346791678192,-0.3382103200284413,0.10283841906825839,106,0.48072949605208243,-0.04797794031182588,0.1094363041528675
1772596904.9817884,0.44477639667420726,-0.096892054136786,0.11236278243812811,0.31259372730430407,-0.9268273348886302,-0.20802945212936022,-0.9352534194889464,-0.33860006474557197,0.10320386372868001,117,0.48072949605208243,-0.04797794031182588,0.1094363041528675
1772596905.0269172,0.4449079521404517,-0.09665349552320517,0.11249757879462455,0.31201942183220754,-0.9271701783283115,-0.20736282409858814,-0.9353875773806362,-0.3380196129040747,0.10388850453329183,117,0.48072949605208243,-0.04797794031182588,0.1094363041528675
1772596905.0738008,0.44551041473750064,-0.0966284569765756,0.11313612252021979,0.3091107179942909,-0.9284372187673955,-0.20604585613041904,-0.9366734498338238,-0.33471273416159686,0.10300598995432834,117,0.48072949605208243,-0.04797794031182588,0.1094363041528675
1772596905.073944,0.44551041473750064,-0.0966284569765756,0.11313612252021979,0.3091107179942909,-0.9284372187673955,-0.20604585613041904,-0.9366734498338238,-0.33471273416159686,0.10300598995432834,117,0.48072949605208243,-0.04797794031182588,0.1094363041528675
1772596905.1218092,0.445459021382398,-0.09659639241069445,0.11289715595721594,0.3087642881700429,-0.9285717474248169,-0.2059590353329255,-0.936709094151512,-0.33444073895869847,0.10356382118584517,117,0.48072949605208243,-0.04797794031182588,0.1094363041528675
1772596905.1347415,0.445459021382398,-0.09659639241069445,0.11289715595721594,0.3087642881700429,-0.9285717474248169,-0.2059590353329255,-0.936709094151512,-0.33444073895869847,0.10356382118584517,117,0.48072949605208243,-0.04797794031182588,0.1094363041528675
1772596905.181786,0.4455474704990707,-0.09646387437045167,0.11289278696470556,0.308750037505771,-0.9286044075498443,-0.20583310865647442,-0.936712876672587,-0.33441363133656254,0.10361713107426218,117,0.48072949605208243,-0.04797794031182588,0.1094363041528675
1772596905.227185,0.4455985734950323,-0.09647567237444135,0.1129381102783707,0.30776539376118445,-0.9289694937525285,-0.20566025887417877,-0.9370549849548125,-0.33341269151079683,0.10374937258057311,117,0.48072949605208243,-0.04797794031182588,0.1094363041528675
1772596905.2738278,0.44562123553745797,-0.09654078359009317,0.11301762549904654,0.30740097213443934,-0.9290992071461872,-0.20561932207632655,-0.9372108447371277,-0.3330159851840105,0.1036155689027598,117,0.48072949605208243,-0.04797794031182588,0.1094363041528675
1772596905.2739704,0.44562123553745797,-0.09654078359009317,0.11301762549904654,0.30740097213443934,-0.9290992071461872,-0.20561932207632655,-0.9372108447371277,-0.3330159851840105,0.1036155689027598,117,0.48072949605208243,-0.04797794031182588,0.1094363041528675
1772596905.3177667,0.445624280394808,-0.09658606316024979,0.11307448022254876,0.3072040612311989,-0.9291655767827273,-0.20561370500304535,-0.937298049075684,-0.33280045900732735,0.10351918509836051,117,0.48072949605208243,-0.04797794031182588,0.1094363041528675
1772596905.3349776,0.445624280394808,-0.09658606316024979,0.11307448022254876,0.3072040612311989,-0.9291655767827273,-0.20561370500304535,-0.937298049075684,-0.33280045900732735,0.10351918509836051,117,0.48072949605208243,-0.04797794031182588,0.1094363041528675
1772596905.3817804,0.4456414350755229,-0.0967595137749945,0.11319461892642232,0.3069757689326766,-0.9292621848009555,-0.20551805075746277,-0.9374244132091554,-0.3325158436736276,0.10328931806090341,117,0.48072949605208243,-0.04797794031182588,0.1094363041528675
1772596905.4297633,0.4456947361275815,-0.09713838972946795,0.11348568163362713,0.30670772468840196,-0.9294251486065471,-0.20518105359453012,-0.9376281745091956,-0.3321021916856903,0.10276935654228231,117,0.48072949605208243,-0.04797794031182588,0.1094363041528675
1772596905.4738915,0.4459698708135063,-0.09865754256474571,0.11488410937068078,0.30657732543080685,-0.9298754600985695,-0.2033272540466902,-0.938165896267628,-0.33128229849810564,0.10048278351125925,117,0.48072949605208243,-0.04797794031182588,0.1094363041528675
1772596905.474042,0.4459698708135063,-0.09865754256474571,0.11488410937068078,0.30657732543080685,-0.9298754600985695,-0.2033272540466902,-0.938165896267628,-0.33128229849810564,0.10048278351125925,117,0.48072949605208243,-0.04797794031182588,0.1094363041528675
1772596905.5218382,0.4469378799219318,-0.10024986210467536,0.11763697724138975,0.30512906747910346,-0.930643309990267,-0.20198832082497511,-0.9397437785014168,-0.328595850969641,0.09437371187686872,117,0.48072949605208243,-0.04797794031182588,0.1094363041528675
1772596905.5349443,0.4469378799219318,-0.10024986210467536,0.11763697724138975,0.30512906747910346,-0.930643309990267,-0.20198832082497511,-0.9397437785014168,-0.328595850969641,0.09437371187686872,117,0.48072949605208243,-0.04797794031182588,0.1094363041528675
1772596905.577949,0.4477329072474677,-0.10088610189513618,0.11952640515854801,0.30437481738262545,-0.930998289032984,-0.20148984183067492,-0.9407354049253227,-0.32701217700700497,0.08988845314682394,117,0.48072949605208243,-0.04797794031182588,0.1094363041528675
1772596905.6217935,0.4487133509258584,-0.10137466801326281,0.12167000972907205,0.30405722988310047,-0.9312280784269414,-0.20090661239760635,-0.941644585705728,-0.3257528205383743,0.0847972530355904,117,0.48072949605208243,-0.04797794031182588,0.1094363041528675
1772596905.6659398,0.44980478790493195,-0.1017106928906863,0.12407897373548016,0.30428035236437423,-0.9312998885117102,-0.20023482420170785,-0.9424221238270912,-0.32492839478680846,0.07913329755863366,117,0.48072949605208243,-0.04797794031182588,0.1094363041528675
1772596905.7097976,0.4521505381154825,-0.10219078982000537,0.12964910852324918,0.30706196111205597,-0.9308707450698439,-0.1979712302611982,-0.9432557745402557,-0.3253156816424323,0.06662020019470419,117,0.48072949605208243,-0.04797794031182588,0.1094363041528675
1772596905.7099962,0.4521505381154825,-0.10219078982000537,0.12964910852324918,0.30706196111205597,-0.9308707450698439,-0.1979712302611982,-0.9432557745402557,-0.3253156816424323,0.06662020019470419,117,0.48072949605208243,-0.04797794031182588,0.1094363041528675
1772596905.7537985,0.454464037019238,-0.10314960916282634,0.1357841841329921,0.3123025235100357,-0.9300776390138481,-0.19344952627414258,-0.9431399127609321,-0.3279537484162261,0.054161276360962476,117,0.48072949605208243,-0.04797794031182588,0.1094363041528675
1772596905.768062,0.454464037019238,-0.10314960916282634,0.1357841841329921,0.3123025235100357,-0.9300776390138481,-0.19344952627414258,-0.9431399127609321,-0.3279537484162261,0.054161276360962476,117,0.48072949605208243,-0.04797794031182588,0.1094363041528675
1772596905.8098903,0.45542646669223585,-0.10403845277711155,0.13888688005786928,0.3169147520248796,-0.9293100732608758,-0.1895991236395217,-0.9422603328148874,-0.3312984775380703,0.048854723257166596,117,0.48072949605208243,-0.04797794031182588,0.1094363041528675
1772596905.8538032,0.4560860075461196,-0.10563112006960398,0.1419633725840511,0.3238364830954749,-0.928202054810571,-0.18322357288784663,-0.9404029430725139,-0.33703300279367304,0.045288626479882944,117,0.48072949605208243,-0.04797794031182588,0.1094363041528675
1772596905.897806,0.45661128767062403,-0.11054285377734985,0.1476594039019698,0.3425266628912342,-0.9249664842286931,-0.16465870235795455,-0.9343595185731437,-0.35370006804097426,0.04322675004639166,117,0.48072949605208243,-0.04797794031182588,0.1094363041528675
1772596905.9458833,0.4564598973672171,-0.1167272474974716,0.1526117561972673,0.363935439807778,-0.92048499400939,-0.1423319059643775,-0.926517526360765,-0.3734309872817999,0.045984465682112965,117,0.48072949605208243,-0.04797794031182588,0.1094363041528675
1772596905.9460413,0.4564598973672171,-0.1167272474974716,0.1526117561972673,0.363935439807778,-0.92048499400939,-0.1423319059643775,-0.926517526360765,-0.3734309872817999,0.045984465682112965,117,0.48072949605208243,-0.04797794031182588,0.1094363041528675
1772596905.9938173,0.4562898043832053,-0.11984039896482498,0.1547972810117711,0.3739417409269159,-0.9180826787092717,-0.13149817278789705,-0.9226238987425956,-0.38268564431255936,0.048133554887356614,117,0.48072949605208243,-0.04797794031182588,0.1094363041528675
1772596906.0019083,0.4562898043832053,-0.11984039896482498,0.1547972810117711,0.3739417409269159,-0.9180826787092717,-0.13149817278789705,-0.9226238987425956,-0.38268564431255936,0.048133554887356614,117,0.48072949605208243,-0.04797794031182588,0.1094363041528675
1772596906.0458279,0.4560866897102778,-0.1229499288659527,0.15684144304285697,0.38368804234946197,-0.9155275085744812,-0.12080094039965396,-0.9186918230479739,-0.391705756600366,0.05071424366906052,117,0.48072949605208243,-0.04797794031182588,0.1094363041528675
1772596906.0905075,0.4554777374861379,-0.129728871819001,0.16076759916871003,0.40341089256841745,-0.9096970586816956,-0.09854396573623654,-0.9102989222471239,-0.4099204867275331,0.057628696990189486,117,0.48072949605208243,-0.04797794031182588,0.1094363041528675
1772596906.1338313,0.4552374286221443,-0.13316006792768786,0.162688675933023,0.41333822853995417,-0.9063600408504555,-0.08753847826535205,-0.9058924050502102,-0.4190464931870618,0.06131057836925215,117,0.48072949605208243,-0.04797794031182588,0.1094363041528675
1772596906.1779425,0.45511866829472647,-0.13647448180995642,0.1646853608837866,0.4233885561547528,-0.9026711573208526,-0.07698644204161263,-0.9013314616090227,-0.42827542260887186,0.06466651918060473,117,0.48072949605208243,-0.04797794031182588,0.1094363041528675
1772596906.1781092,0.45511866829472647,-0.13647448180995642,0.1646853608837866,0.4233885561547528,-0.9026711573208526,-0.07698644204161263,-0.9013314616090227,-0.42827542260887186,0.06466651918060473,117,0.48072949605208243,-0.04797794031182588,0.1094363041528675
1772596906.2218554,0.45521242551926683,-0.13942074090300632,0.16673139063132852,0.4327437321683131,-0.8989919725666278,-0.06742622286472115,-0.8970289493530701,-0.4368370486416362,0.06717482383000384,117,0.48072949605208243,-0.04797794031182588,0.1094363041528675
1772596906.2353632,0.45555822812478347,-0.14181557882745285,0.16880140230356078,0.44153020527570375,-0.8952754130884449,-0.05943914996456175,-0.8929510803995265,-0.44492560300744655,0.0684074250485921,117,0.48072949605208243,-0.04797794031182588,0.1094363041528675
1772596906.2778666,0.4561049552383417,-0.14394478292405702,0.17093476346943626,0.45083164317742164,-0.8910855533228312,-0.052128362426699625,-0.88853502309949,-0.4535813272403384,0.06906151102083936,117,0.48072949605208243,-0.04797794031182588,0.1094363041528675
1772596906.3218298,0.4579350198312538,-0.14683566195414272,0.17540927412421362,0.47402571300258967,-0.8795526638774176,-0.04106987799501385,-0.8770096909727547,-0.47578236241695093,0.06697122929153146,117,0.48072949605208243,-0.04797794031182588,0.1094363041528675
1772596906.3659027,0.4591177199667988,-0.1472898178305901,0.17764704688778107,0.48544077083862847,-0.8734242721973959,-0.03843564418670807,-0.8711232137032863,-0.4869525277197384,0.06341594669021153,117,0.48072949605208243,-0.04797794031182588,0.1094363041528675
1772596906.4098709,0.4603800688877259,-0.14722771987949435,0.17990595823793343,0.4949605641779684,-0.8681242190562035,-0.03707263406725636,-0.8661522027193018,-0.4963371675557069,0.05856430506101954,117,0.48072949605208243,-0.04797794031182588,0.1094363041528675
1772596906.4100351,0.4603800688877259,-0.14722771987949435,0.17990595823793343,0.4949605641779684,-0.8681242190562035,-0.03707263406725636,-0.8661522027193018,-0.4963371675557069,0.05856430506101954,117,0.48072949605208243,-0.04797794031182588,0.1094363041528675
1772596906.4578252,0.46261107458302436,-0.1470213925080741,0.1845597508655005,0.5103855741605672,-0.8592544927666058,-0.03447147152633527,-0.8578459368621719,-0.5115296717086626,0.04937351081997553,117,0.48072949605208243,-0.04797794031182588,0.1094363041528675
1772596906.4701297,0.46261107458302436,-0.1470213925080741,0.1845597508655005,0.5103855741605672,-0.8592544927666058,-0.03447147152633527,-0.8578459368621719,-0.5115296717086626,0.04937351081997553,117,0.48072949605208243,-0.04797794031182588,0.1094363041528675
1772596906.51387,0.46352944018820236,-0.14687166499023072,0.1869992554691431,0.5151409291499316,-0.856455859455827,-0.033364410954282095,-0.8552780575518498,-0.5161935856437483,0.045206486377345985,117,0.48072949605208243,-0.04797794031182588,0.1094363041528675
1772596906.5578032,0.4642115047609335,-0.1467193834963523,0.18949560631797713,0.518182279642748,-0.8546455115635281,-0.03268294094112198,-0.8536577393447051,-0.5191729909636715,0.04156764980995673,117,0.48072949605208243,-0.04797794031182588,0.1094363041528675
1772596906.6018307,0.4644977600011946,-0.14655018507672965,0.19206918226515637,0.5207863178365113,-0.8530480642515748,-0.0330244035665972,-0.8521877039972221,-0.521774241225694,0.03908654946774266,117,0.48072949605208243,-0.04797794031182588,0.1094363041528675
1772596906.6019888,0.4644977600011946,-0.14655018507672965,0.19206918226515637,0.5207863178365113,-0.8530480642515748,-0.0330244035665972,-0.8521877039972221,-0.521774241225694,0.03908654946774266,117,0.48072949605208243,-0.04797794031182588,0.1094363041528675
1772596906.645828,0.46402429902055115,-0.14626866079292966,0.19470314257992316,0.5240787747511877,-0.8509345958192401,-0.03538010024350065,-0.8501153510191451,-0.5251794036116242,0.03860678675743662,117,0.48072949605208243,-0.04797794031182588,0.1094363041528675
1772596906.668191,0.4628401598452341,-0.14589790326703853,0.19740506554425308,0.5279140692557464,-0.8483718686717089,-0.03964729408562359,-0.8475195993766865,-0.529253686826073,0.04001329345842179,117,0.48072949605208243,-0.04797794031182588,0.1094363041528675
1772596906.7138848,0.4610173842424581,-0.14540814285244896,0.20014511194203205,0.5328384491900979,-0.844982096267617,-0.04569949728252206,-0.8440225271025027,-0.5345678464506975,0.04316469951903501,117,0.48072949605208243,-0.04797794031182588,0.1094363041528675
1772596906.7578223,0.4586512669131001,-0.14482382768208701,0.20292283981766218,0.5395728340914342,-0.8402475366548035,-0.053340733553943205,-0.8391104326737822,-0.5418686054360017,0.047666510474975665,117,0.48072949605208243,-0.04797794031182588,0.1094363041528675
1772596906.8019004,0.45389281948332594,-0.14368618327745086,0.2089904353707942,0.5531849305190016,-0.8301704842820771,-0.06930656299045375,-0.8286044248379564,-0.5569113334807666,0.05713557367905403,117,0.48072949605208243,-0.04797794031182588,0.1094363041528675
1772596906.8020663,0.45389281948332594,-0.14368618327745086,0.2089904353707942,0.5531849305190016,-0.8301704842820771,-0.06930656299045375,-0.8286044248379564,-0.5569113334807666,0.05713557367905403,117,0.48072949605208243,-0.04797794031182588,0.1094363041528675
1772596906.8458052,0.4508967262162621,-0.14290568406101417,0.21584023726196713,0.5586370870178147,-0.8254634828580754,-0.08083714168664348,-0.8235612199293874,-0.5636116819139786,0.0639436395469903,117,0.48072949605208243,-0.04797794031182588,0.1094363041528675
1772596906.8719163,0.4508967262162621,-0.14290568406101417,0.21584023726196713,0.5586370870178147,-0.8254634828580754,-0.08083714168664348,-0.8235612199293874,-0.5636116819139786,0.0639436395469903,117,0.48072949605208243,-0.04797794031182588,0.1094363041528675
1772596906.9138777,0.45062374582733505,-0.14268612187104773,0.2196862518221656,0.5602514319264668,-0.8240837272892376,-0.08369195565537305,-0.8221216908970654,-0.5655516863969242,0.06532392647525957,117,0.48072949605208243,-0.04797794031182588,0.1094363041528675
1772596906.9578128,0.4512843518156845,-0.14258803933614517,0.22381616122511094,0.5622655683772172,-0.8226446442300004,-0.08433990714449105,-0.820731993831971,-0.567613518537737,0.06491446582856515,117,0.48072949605208243,-0.04797794031182588,0.1094363041528675
1772596907.0019004,0.4549565011904448,-0.14257172289289993,0.23265215025930813,0.5667205122219091,-0.8200296020795755,-0.07987059997364732,-0.818461345044016,-0.5714515261976699,0.05970075271798715,117,0.48072949605208243,-0.04797794031182588,0.1094363041528675
1772596907.0020645,0.4549565011904448,-0.14257172289289993,0.23265215025930813,0.5667205122219091,-0.8200296020795755,-0.07987059997364732,-0.818461345044016,-0.5714515261976699,0.05970075271798715,117,0.48072949605208243,-0.04797794031182588,0.1094363041528675
1772596907.045827,0.46097717244868813,-0.14288878318009218,0.2426027352921717,0.5709916149943798,-0.8179903940724986,-0.06971578595431875,-0.8169310323909602,-0.5745384274917836,0.050291983972680455,117,0.48072949605208243,-0.04797794031182588,0.1094363041528675
1772596907.0698469,0.46097717244868813,-0.14288878318009218,0.2426027352921717,0.5709916149943798,-0.8179903940724986,-0.06971578595431875,-0.8169310323909602,-0.5745384274917836,0.050291983972680455,117,0.48072949605208243,-0.04797794031182588,0.1094363041528675
1772596907.1109018,0.4645979399147563,-0.143201568293504,0.24789432171845555,0.5727836145696767,-0.8172863778477198,-0.06294368487029192,-0.8165091946432231,-0.5756405005244136,0.044167286752506,117,0.48072949605208243,-0.04797794031182588,0.1094363041528675
1772596907.1538193,0.4680394194888056,-0.1434721576002934,0.252918244130157,0.5744059310511507,-0.8166296990781095,-0.056336142545061973,-0.8160901061994918,-0.5766612302692726,0.038193770010716804,117,0.48072949605208243,-0.04797794031182588,0.1094363041528675
1772596907.1977684,0.47420940618383317,-0.14393359482034787,0.26251279984287673,0.577076810793802,-0.8155011342965983,-0.04404831898059115,-0.8153232210097894,-0.5783914957842888,0.0266706371621552,117,0.48072949605208243,-0.04797794031182588,0.1094363041528675
1772596907.241865,0.4780453205504585,-0.1439127510948545,0.2703043800331937,0.5791215392684759,-0.8144364865901786,-0.03621397611361259,-0.8144315147118951,-0.5799545888315789,0.018814428965108296,117,0.48072949605208243,-0.04797794031182588,0.1094363041528675
1772596907.241995,0.4780453205504585,-0.1439127510948545,0.2703043800331937,0.5791215392684759,-0.8144364865901786,-0.03621397611361259,-0.8144315147118951,-0.5799545888315789,0.018814428965108296,117,0.48072949605208243,-0.04797794031182588,0.1094363041528675
1772596907.285845,0.47938683576338825,-0.1437806671639995,0.27370082825683767,0.5800107681211745,-0.8139213837198748,-0.033458780417248216,-0.813971931446296,-0.5806920771263632,0.015697336724950262,117,0.48072949605208243,-0.04797794031182588,0.1094363041528675
1772596907.3022628,0.47938683576338825,-0.1437806671639995,0.27370082825683767,0.5800107681211745,-0.8139213837198748,-0.033458780417248216,-0.813971931446296,-0.5806920771263632,0.015697336724950262,117,0.48072949605208243,-0.04797794031182588,0.1094363041528675
1772596907.3458526,0.4802215022464822,-0.1435904444155298,0.27654376700281497,0.5807345133224546,-0.813472001387148,-0.031791948592678185,-0.8135604020465727,-0.5813242567884365,0.01347518798352185,117,0.48072949605208243,-0.04797794031182588,0.1094363041528675
1772596907.3897598,0.4804618550439371,-0.14333773423572554,0.27876864814205454,0.5812823870645519,-0.8130953952415771,-0.03141121973880981,-0.8132084554997854,-0.5818410541751057,0.012369138209893129,117,0.48072949605208243,-0.04797794031182588,0.1094363041528675
1772596907.43385,0.48057041814840923,-0.14283922628365567,0.2813848369694184,0.5821072005003523,-0.8125261227285595,-0.030862712280945895,-0.812690475949413,-0.5826082400839625,0.01009103004574238,117,0.48072949605208243,-0.04797794031182588,0.1094363041528675
1772596907.4779637,0.480504777631219,-0.1425068149772121,0.2821151875457961,0.5825329630377906,-0.8122364292876297,-0.030452092087305697,-0.8124370680172267,-0.5829893236590541,0.008334207288703049,117,0.48072949605208243,-0.04797794031182588,0.1094363041528675
1772596907.4781568,0.480504777631219,-0.1425068149772121,0.2821151875457961,0.5825329630377906,-0.8122364292876297,-0.030452092087305697,-0.8124370680172267,-0.5829893236590541,0.008334207288703049,117,0.48072949605208243,-0.04797794031182588,0.1094363041528675
1772596907.5219686,0.48026557664834807,-0.14238142731917822,0.281992764709324,0.5825868217770446,-0.8121828692060845,-0.030847723739269018,-0.8123920291487462,-0.5830524424507323,0.008309050957714188,117,0.48072949605208243,-0.04797794031182588,0.1094363041528675
1772596907.5349896,0.48026557664834807,-0.14238142731917822,0.281992764709324,0.5825868217770446,-0.8121828692060845,-0.030847723739269018,-0.8123920291487462,-0.5830524424507323,0.008309050957714188,117,0.48072949605208243,-0.04797794031182588,0.1094363041528675
1772596907.5779083,0.4798858921942144,-0.14226934262044105,0.28155325008968457,0.5825310233929929,-0.8121930406840221,-0.03162390629183393,-0.8124043207090481,-0.5830272971719072,0.008853837907418397,117,0.48072949605208243,-0.04797794031182588,0.1094363041528675
1772596907.6217332,0.4794201327199886,-0.14207907613668816,0.2808976692685075,0.5824744267288743,-0.8121915754752284,-0.03268618873370962,-0.8124010670511431,-0.5830173910681465,0.009758481759789338,117,0.48072949605208243,-0.04797794031182588,0.1094363041528675
1772596907.6657963,0.47852926134868007,-0.14169510149018333,0.27950712278955187,0.582391409330706,-0.8121603962082472,-0.03486742274182553,-0.8123562029048398,-0.5830409574350636,0.01185923923509501,117,0.48072949605208243,-0.04797794031182588,0.1094363041528675
1772596907.709853,0.47865580659064,-0.1417799439203124,0.2797141902425234,0.5823095587873596,-0.8122331739013304,-0.03453764553414161,-0.8124333680685916,-0.5829410871302162,0.0114765580278385,117,0.48072949605208243,-0.04797794031182588,0.1094363041528675
1772596907.7100062,0.47865580659064,-0.1417799439203124,0.2797141902425234,0.5823095587873596,-0.8122331739013304,-0.03453764553414161,-0.8124333680685916,-0.5829410871302162,0.0114765580278385,117,0.48072949605208243,-0.04797794031182588,0.1094363041528675
1772596907.7537777,0.47865650641694985,-0.14169933856325143,0.27965492689135635,0.5824350470553236,-0.8121406324570672,-0.03459781891822369,-0.8123385134051344,-0.5830709172834699,0.011595044499678978,117,0.48072949605208243,-0.04797794031182588,0.1094363041528675
1772596907.7690802,0.47865650641694985,-0.14169933856325143,0.27965492689135635,0.5824350470553236,-0.8121406324570672,-0.03459781891822369,-0.8123385134051344,-0.5830709172834699,0.011595044499678978,117,0.48072949605208243,-0.04797794031182588,0.1094363041528675
1772596907.8098505,0.4786258215086979,-0.14169756621715102,0.27959016651766216,0.582427551478807,-0.8121424877212233,-0.03468035346395197,-0.8123386797679242,-0.5830683581733455,0.011711492216867497,117,0.48072949605208243,-0.04797794031182588,0.1094363041528675
1772596907.8538818,0.4786504520349096,-0.14170944530800725,0.27964640009863106,0.5824178644887285,-0.8121524470756566,-0.034609736107232544,-0.8123501493294586,-0.5830544056996999,0.01161011966245603,117,0.48072949605208243,-0.04797794031182588,0.1094363041528675
1772596907.901965,0.4786303655169447,-0.1416866149199761,0.27959172877394345,0.5824459872987213,-0.8121294564723698,-0.03467589666485189,-0.8123255192016972,-0.5830866799376568,0.011712153216813723,117,0.48072949605208243,-0.04797794031182588,0.1094363041528675
1772596907.9459672,0.47863147867665595,-0.14172771096757197,0.2796236675511582,0.5823802637370529,-0.8121779928605899,-0.034642983741360496,-0.8123753466810888,-0.5830185658448538,0.01164680149184286,117,0.48072949605208243,-0.04797794031182588,0.1094363041528675
1772596907.946164,0.47863147867665595,-0.14172771096757197,0.2796236675511582,0.5823802637370529,-0.8121779928605899,-0.034642983741360496,-0.8123753466810888,-0.5830185658448538,0.01164680149184286,117,0.48072949605208243,-0.04797794031182588,0.1094363041528675
1772596907.9903018,0.47865108703693576,-0.14170094861652818,0.2796331394167857,0.5824387803832538,-0.8121371568631265,-0.03461655020283089,-0.8123341265941119,-0.5830761495550276,0.011639183419148835,117,0.48072949605208243,-0.04797794031182588,0.1094363041528675
1772596908.0015793,0.47865108703693576,-0.14170094861652818,0.2796331394167857,0.5824387803832538,-0.8121371568631265,-0.03461655020283089,-0.8123341265941119,-0.5830761495550276,0.011639183419148835,117,0.48072949605208243,-0.04797794031182588,0.1094363041528675
1772596908.0417984,0.47864499566969015,-0.1417364420213806,0.27964731637067963,0.5823709083240954,-0.8121862608722623,-0.03460639808043873,-0.8123840979973387,-0.5830072170501662,0.011604403839529166,117,0.48072949605208243,-0.04797794031182588,0.1094363041528675
1772596908.0858567,0.4786466133306103,-0.14170957467277762,0.2796316461527171,0.582415984300321,-0.812153302110563,-0.03462130994628925,-0.8123504589028797,-0.5830534404336939,0.011636903312898728,117,0.48072949605208243,-0.04797794031182588,0.1094363041528675
1772596908.1339135,0.4786490532517129,-0.14172586225302888,0.2796413339192911,0.5823937769185658,-0.8121699077103844,-0.034605340862853155,-0.812367295514722,-0.583030354715241,0.011618203764665415,117,0.48072949605208243,-0.04797794031182588,0.1094363041528675
1772596908.1778657,0.47864727085523184,-0.1417336194240343,0.2796467485880986,0.5823787822346929,-0.8121807164434266,-0.034604014799996745,-0.8123783421514817,-0.5830151336213916,0.011609615482052783,117,0.48072949605208243,-0.04797794031182588,0.1094363041528675
1772596908.1780388,0.47864727085523184,-0.1417336194240343,0.2796467485880986,0.5823787822346929,-0.8121807164434266,-0.034604014799996745,-0.8123783421514817,-0.5830151336213916,0.011609615482052783,117,0.48072949605208243,-0.04797794031182588,0.1094363041528675
1772596908.2218287,0.4786471386759907,-0.14171927393636002,0.2796356637385203,0.5823989981612478,-0.8121657690466717,-0.03461459994862794,-0.812363104137521,-0.5830360291539325,0.011626510416557226,117,0.48072949605208243,-0.04797794031182588,0.1094363041528675
1772596908.2351148,0.4786471386759907,-0.14171927393636002,0.2796356637385203,0.5823989981612478,-0.8121657690466717,-0.03461459994862794,-0.812363104137521,-0.5830360291539325,0.011626510416557226,117,0.48072949605208243,-0.04797794031182588,0.1094363041528675
1772596908.2778378,0.4786471386759907,-0.14171927393636002,0.2796356637385203,0.5823989981612478,-0.8121657690466717,-0.03461459994862794,-0.812363104137521,-0.5830360291539325,0.011626510416557226,117,0.48072949605208243,-0.04797794031182588,0.1094363041528675
1772596908.3218184,0.4786468304025692,-0.14172909917904292,0.2796407263592805,0.5823872561377775,-0.8121744373086166,-0.03460877447617924,-0.8123719180088995,-0.5830239236554823,0.011617713884767096,117,0.48072949605208243,-0.04797794031182588,0.1094363041528675
1772596908.3658288,0.4786491770890968,-0.14172628899572298,0.27964259795870794,0.5823915717937392,-0.8121714578605894,-0.03460607085792263,-0.8123689471252835,-0.5830281100208222,0.011615363623532427,117,0.48072949605208243,-0.04797794031182588,0.1094363041528675
1772596908.4098516,0.478650424863261,-0.14172536803755195,0.2796432158970245,0.582395073359591,-0.8121690465857795,-0.034603732377053734,-0.8123664749898397,-0.5830315490583625,0.011615640971923677,117,0.48072949605208243,-0.04797794031182588,0.1094363041528675
1772596908.4100049,0.478650424863261,-0.14172536803755195,0.2796432158970245,0.582395073359591,-0.8121690465857795,-0.034603732377053734,-0.8123664749898397,-0.5830315490583625,0.011615640971923677,117,0.48072949605208243,-0.04797794031182588,0.1094363041528675
1772596908.4541485,0.47864465951908475,-0.14172572431135133,0.2796363089311932,0.5823893851788866,-0.8121726329891961,-0.034615289314912576,-0.8123700170186838,-0.583026415043028,0.011625610140476734,117,0.48072949605208243,-0.04797794031182588,0.1094363041528675
1772596908.4681413,0.47864465951908475,-0.14172572431135133,0.2796363089311932,0.5823893851788866,-0.8121726329891961,-0.034615289314912576,-0.8123700170186838,-0.583026415043028,0.011625610140476734,117,0.48072949605208243,-0.04797794031182588,0.1094363041528675
1772596908.5098538,0.47864706162582826,-0.14172372089166588,0.27963842430845093,0.58239633596353,-0.8121678193140421,-0.034611286120687736,-0.8123651750890798,-0.5830332036940495,0.011623497440155233,117,0.48072949605208243,-0.04797794031182588,0.1094363041528675
1772596908.5541925,0.4786476095069992,-0.14172901873691895,0.2796420262144849,0.5823823400620549,-0.8121779401816094,-0.034609297395405345,-0.8123755467495335,-0.5830189419554648,0.011613972814123012,117,0.48072949605208243,-0.04797794031182588,0.1094363041528675
1772596908.5981178,0.4786501175413834,-0.14172066255359464,0.27964246640248935,0.5823997881565061,-0.8121655674587832,-0.03460603689545878,-0.812363050269891,-0.5830363268625086,0.011615339636570774,117,0.48072949605208243,-0.04797794031182588,0.1094363041528675
1772596908.64205,0.4786483830687071,-0.1417271767597485,0.27964305157075,0.5823891622760853,-0.8121731586347026,-0.03460670537179306,-0.8123706849039015,-0.5830257031660728,0.011614635442952256,117,0.48072949605208243,-0.04797794031182588,0.1094363041528675
1772596908.6422162,0.4786483830687071,-0.1417271767597485,0.27964305157075,0.5823891622760853,-0.8121731586347026,-0.03460670537179306,-0.8123706849039015,-0.5830257031660728,0.011614635442952256,117,0.48072949605208243,-0.04797794031182588,0.1094363041528675
1772596908.6858451,0.47864803781245246,-0.14172541274425865,0.2796431395039871,0.5823898285395406,-0.8121726507666751,-0.034607411927454236,-0.8123701902149449,-0.5830263915245286,0.011614681916480171,117,0.48072949605208243,-0.04797794031182588,0.1094363041528675
1772596908.7018185,0.47864803781245246,-0.14172541274425865,0.2796431395039871,0.5823898285395406,-0.8121726507666751,-0.034607411927454236,-0.8123701902149449,-0.5830263915245286,0.011614681916480171,117,0.48072949605208243,-0.04797794031182588,0.1094363041528675
1772596908.7419233,0.47865029020361866,-0.1417250492798472,0.27964392508466523,0.582392257350553,-0.8121710733843355,-0.03460355669384859,-0.8123685683098327,-0.5830286780860866,0.011613343679733226,117,0.48072949605208243,-0.04797794031182588,0.1094363041528675
1772596908.7858055,0.47864997183489877,-0.14172400786939804,0.27964396052021495,0.5823960398257241,-0.812168372999732,-0.03460327577386942,-0.8123658507156644,-0.583032459105555,0.011613622188819062,117,0.48072949605208243,-0.04797794031182588,0.1094363041528675
1772596908.8301508,0.4786503890573547,-0.14172607198612577,0.2796461459744604,0.582390386270119,-0.8121724912942991,-0.03460176823449027,-0.8123700672317866,-0.5830266686758867,0.011609370289571118,117,0.48072949605208243,-0.04797794031182588,0.1094363041528675
1772596908.8739467,0.4786497335249594,-0.14172483459528648,0.27964214314050617,0.5823935161504571,-0.8121700566749144,-0.034606233348544194,-0.8123674933811957,-0.5830300989588336,0.01161720300270485,117,0.48072949605208243,-0.04797794031182588,0.1094363041528675
1772596908.8741732,0.4786497335249594,-0.14172483459528648,0.27964214314050617,0.5823935161504571,-0.8121700566749144,-0.034606233348544194,-0.8123674933811957,-0.5830300989588336,0.01161720300270485,117,0.48072949605208243,-0.04797794031182588,0.1094363041528675
1772596908.9178972,0.4786483474015756,-0.1417265854866262,0.27964255299135937,0.5823897994805862,-0.8121727017085113,-0.034606705426263616,-0.8123701788102441,-0.5830263756170924,0.01161627800154819,117,0.48072949605208243,-0.04797794031182588,0.1094363041528675
1772596908.934989,0.4786483474015756,-0.1417265854866262,0.27964255299135937,0.5823897994805862,-0.8121727017085113,-0.034606705426263616,-0.8123701788102441,-0.5830263756170924,0.01161627800154819,117,0.48072949605208243,-0.04797794031182588,0.1094363041528675
1772596908.9778702,0.47865065972382487,-0.14172016459190673,0.27964173930042485,0.5824031796649585,-0.8121631027324528,-0.03460680389954679,-0.8123604747531848,-0.583039831677556,0.01161954113497655,117,0.48072949605208243,-0.04797794031182588,0.1094363041528675
1772596909.025885,0.4786495600588347,-0.1417256676534665,0.27964243222241847,0.5823908019667114,-0.8121720776933444,-0.03460447947660572,-0.81236951349092,-0.5830273073438481,0.011616042437423393,117,0.48072949605208243,-0.04797794031182588,0.1094363041528675
